﻿group,expression,sex,Tissue,breed
LL,0.801069878,M,Liver,SM
LL,1.117287138,M,Liver,SM
LL,0.726986259,M,Liver,SM
LL,0.986232704,M,Liver,SM
LL,1.558329159,M,Liver,SM
HH,1.094293701,M,Liver,YTG
HH,0.858565436,M,Liver,YTG
HH,1.117287138,M,Liver,YTG
HH,0.993092495,M,Liver,YTG
HH,0.888842681,M,Liver,YTG
LL,0.535886731,F,Liver,SM
LL,0.858565436,F,Liver,SM
LL,0.920187651,F,Liver,SM
LL,1.905275996,F,Liver,SM
LL,1.2397077,F,Liver,SM
HH,1.328685814,F,Liver,YTG
HH,2.0139111,F,Liver,YTG
HH,1.125058485,F,Liver,YTG
HH,1.635804117,F,Liver,YTG
HH,2.158456473,F,Liver,YTG
LL,0.995849753,M,Cecum,SM
LL,0.451876363,M,Cecum,SM
LL,0.872967591,M,Cecum,SM
LL,,M,Cecum,SM
LL,0.729004689,M,Cecum,SM
HH,3.516158244,M,Cecum,YTG
HH,3.039849713,M,Cecum,YTG
HH,3.34962595,M,Cecum,YTG
HH,2.73966596,M,Cecum,YTG
HH,4.239811134,M,Cecum,YTG
LL,1.260503392,F,Cecum,SM
LL,0.418703244,F,Cecum,SM
LL,0.430474594,F,Cecum,SM
LL,2.179504224,F,Cecum,SM
LL,2.019502595,F,Cecum,SM
HH,1.950710923,F,Cecum,YTG
HH,3.34962595,F,Cecum,YTG
HH,2.005552872,F,Cecum,YTG
HH,2.73966596,F,Cecum,YTG
HH,,F,Cecum,YTG
LL,0.50697974,M,Duodenum,SM
LL,0.801069878,M,Duodenum,SM
LL,0.763129604,M,Duodenum,SM
LL,2.445280555,M,Duodenum,SM
LL,1.319507911,M,Duodenum,SM
HH,3.837056477,M,Duodenum,YTG
HH,3.89061979,M,Duodenum,YTG
HH,4.993322196,M,Duodenum,YTG
HH,3.226567037,M,Duodenum,YTG
HH,,M,Duodenum,YTG
LL,0.982139595,F,Duodenum,SM
LL,1.209155676,F,Duodenum,SM
LL,0.639049682,F,Duodenum,SM
LL,0.975355462,F,Duodenum,SM
LL,1.350974085,F,Duodenum,SM
HH,1.923854909,F,Duodenum,YTG
HH,3.018851937,F,Duodenum,YTG
HH,1.871246996,F,Duodenum,YTG
HH,3.372924441,F,Duodenum,YTG
HH,4.607550569,F,Duodenum,YTG
LL,0.486327474,M,Breast,SM
LL,0.926588062,M,Breast,SM
LL,0.907519155,M,Breast,SM
LL,2.445280555,M,Breast,SM
HH,2.67585511,M,Breast,YTG
HH,1.790050142,M,Breast,YTG
HH,2.329467173,M,Breast,YTG
HH,1.231144413,M,Breast,YTG
HH,3.138336392,M,Breast,YTG
LL,0.614719434,F,Breast,SM
LL,1.163120042,F,Breast,SM
LL,0.822450069,F,Breast,SM
LL,1.503161478,F,Breast,SM
LL,1.131314463,F,Breast,SM
HH,1.48246701,F,Breast,YTG
HH,2.785622961,F,Breast,YTG
HH,1.691144575,F,Breast,YTG
HH,111.2761037,F,Breast,YTG
