"CHROM","BIN_START","VALUE","TYPE","Group"
28,15001,0.062603,"FST(Commercial vs Native)","FST"
28,20001,0.0418775,"FST(Commercial vs Native)","FST"
28,25001,0.0946266,"FST(Commercial vs Native)","FST"
28,30001,0.0847288,"FST(Commercial vs Native)","FST"
28,35001,0.034345,"FST(Commercial vs Native)","FST"
28,40001,0.0522932,"FST(Commercial vs Native)","FST"
28,45001,0.0745387,"FST(Commercial vs Native)","FST"
28,50001,0.111084,"FST(Commercial vs Native)","FST"
28,55001,0.181278,"FST(Commercial vs Native)","FST"
28,60001,0.175757,"FST(Commercial vs Native)","FST"
28,65001,0.199893,"FST(Commercial vs Native)","FST"
28,70001,0.223723,"FST(Commercial vs Native)","FST"
28,75001,0.212637,"FST(Commercial vs Native)","FST"
28,80001,0.209936,"FST(Commercial vs Native)","FST"
28,85001,0.223363,"FST(Commercial vs Native)","FST"
28,90001,0.134263,"FST(Commercial vs Native)","FST"
28,95001,0.183302,"FST(Commercial vs Native)","FST"
28,100001,0.218265,"FST(Commercial vs Native)","FST"
28,105001,0.131097,"FST(Commercial vs Native)","FST"
28,110001,0.206179,"FST(Commercial vs Native)","FST"
28,115001,0.216003,"FST(Commercial vs Native)","FST"
28,120001,0.239792,"FST(Commercial vs Native)","FST"
28,125001,0.25173,"FST(Commercial vs Native)","FST"
28,130001,0.243694,"FST(Commercial vs Native)","FST"
28,135001,0.228311,"FST(Commercial vs Native)","FST"
28,140001,0.203897,"FST(Commercial vs Native)","FST"
28,145001,0.133854,"FST(Commercial vs Native)","FST"
28,150001,0.10937,"FST(Commercial vs Native)","FST"
28,155001,0.109463,"FST(Commercial vs Native)","FST"
28,160001,0.102987,"FST(Commercial vs Native)","FST"
28,165001,0.095923,"FST(Commercial vs Native)","FST"
28,170001,0.0815242,"FST(Commercial vs Native)","FST"
28,175001,0.0980609,"FST(Commercial vs Native)","FST"
28,180001,0.104911,"FST(Commercial vs Native)","FST"
28,185001,0.121444,"FST(Commercial vs Native)","FST"
28,190001,0.138525,"FST(Commercial vs Native)","FST"
28,195001,0.131539,"FST(Commercial vs Native)","FST"
28,200001,0.127099,"FST(Commercial vs Native)","FST"
28,205001,0.0988516,"FST(Commercial vs Native)","FST"
28,210001,0.101484,"FST(Commercial vs Native)","FST"
28,215001,0.126828,"FST(Commercial vs Native)","FST"
28,220001,0.116761,"FST(Commercial vs Native)","FST"
28,225001,0.110744,"FST(Commercial vs Native)","FST"
28,230001,0.157042,"FST(Commercial vs Native)","FST"
28,235001,0.204717,"FST(Commercial vs Native)","FST"
28,240001,0.169363,"FST(Commercial vs Native)","FST"
28,245001,0.132262,"FST(Commercial vs Native)","FST"
28,250001,0.152859,"FST(Commercial vs Native)","FST"
28,255001,0.177724,"FST(Commercial vs Native)","FST"
28,260001,0.235993,"FST(Commercial vs Native)","FST"
28,265001,0.342624,"FST(Commercial vs Native)","FST"
28,270001,0.297992,"FST(Commercial vs Native)","FST"
28,275001,0.135594,"FST(Commercial vs Native)","FST"
28,280001,0.197157,"FST(Commercial vs Native)","FST"
28,285001,0.225951,"FST(Commercial vs Native)","FST"
28,290001,0.187831,"FST(Commercial vs Native)","FST"
28,295001,0.126466,"FST(Commercial vs Native)","FST"
28,300001,0.195587,"FST(Commercial vs Native)","FST"
28,305001,0.299468,"FST(Commercial vs Native)","FST"
28,310001,0.271262,"FST(Commercial vs Native)","FST"
28,315001,0.270566,"FST(Commercial vs Native)","FST"
28,320001,0.249898,"FST(Commercial vs Native)","FST"
28,325001,0.245817,"FST(Commercial vs Native)","FST"
28,330001,0.247649,"FST(Commercial vs Native)","FST"
28,335001,0.290835,"FST(Commercial vs Native)","FST"
28,340001,0.270865,"FST(Commercial vs Native)","FST"
28,345001,0.207031,"FST(Commercial vs Native)","FST"
28,350001,0.205907,"FST(Commercial vs Native)","FST"
28,355001,0.191207,"FST(Commercial vs Native)","FST"
28,360001,0.192458,"FST(Commercial vs Native)","FST"
28,365001,0.245323,"FST(Commercial vs Native)","FST"
28,370001,0.21478,"FST(Commercial vs Native)","FST"
28,375001,0.153733,"FST(Commercial vs Native)","FST"
28,380001,0.165298,"FST(Commercial vs Native)","FST"
28,385001,0.146865,"FST(Commercial vs Native)","FST"
28,390001,0.104908,"FST(Commercial vs Native)","FST"
28,395001,0.0827808,"FST(Commercial vs Native)","FST"
28,400001,0.0662889,"FST(Commercial vs Native)","FST"
28,15001,4.87805e-06,"Pi (Commercial breed)","Pi"
28,20001,2.43902e-06,"Pi (Commercial breed)","Pi"
28,25001,4.87805e-06,"Pi (Commercial breed)","Pi"
28,30001,2.43902e-06,"Pi (Commercial breed)","Pi"
28,35001,4.87805e-06,"Pi (Commercial breed)","Pi"
28,40001,4.09214e-05,"Pi (Commercial breed)","Pi"
28,45001,3.84824e-05,"Pi (Commercial breed)","Pi"
28,50001,4.87805e-06,"Pi (Commercial breed)","Pi"
28,55001,4.87805e-06,"Pi (Commercial breed)","Pi"
28,60001,9.7561e-06,"Pi (Commercial breed)","Pi"
28,65001,9.50316e-05,"Pi (Commercial breed)","Pi"
28,70001,0.000109666,"Pi (Commercial breed)","Pi"
28,75001,6.5312e-05,"Pi (Commercial breed)","Pi"
28,80001,9.04551e-05,"Pi (Commercial breed)","Pi"
28,85001,5.44113e-05,"Pi (Commercial breed)","Pi"
28,90001,9.63574e-06,"Pi (Commercial breed)","Pi"
28,95001,2.1831e-05,"Pi (Commercial breed)","Pi"
28,100001,2.19512e-05,"Pi (Commercial breed)","Pi"
28,105001,4.87805e-06,"Pi (Commercial breed)","Pi"
28,110001,2.43902e-06,"Pi (Commercial breed)","Pi"
28,115001,7.31707e-06,"Pi (Commercial breed)","Pi"
28,120001,2.43902e-05,"Pi (Commercial breed)","Pi"
28,125001,2.92683e-05,"Pi (Commercial breed)","Pi"
28,130001,3.17073e-05,"Pi (Commercial breed)","Pi"
28,135001,3.90244e-05,"Pi (Commercial breed)","Pi"
28,140001,3.65854e-05,"Pi (Commercial breed)","Pi"
28,145001,3.65854e-05,"Pi (Commercial breed)","Pi"
28,150001,4.63415e-05,"Pi (Commercial breed)","Pi"
28,155001,3.17073e-05,"Pi (Commercial breed)","Pi"
28,160001,2.43902e-05,"Pi (Commercial breed)","Pi"
28,165001,3.65854e-05,"Pi (Commercial breed)","Pi"
28,170001,8.88889e-05,"Pi (Commercial breed)","Pi"
28,175001,0.000138121,"Pi (Commercial breed)","Pi"
28,180001,0.000100452,"Pi (Commercial breed)","Pi"
28,185001,8.49447e-05,"Pi (Commercial breed)","Pi"
28,190001,8.25057e-05,"Pi (Commercial breed)","Pi"
28,195001,4.87805e-05,"Pi (Commercial breed)","Pi"
28,200001,2.43902e-05,"Pi (Commercial breed)","Pi"
28,205001,2.19512e-05,"Pi (Commercial breed)","Pi"
28,210001,2.92683e-05,"Pi (Commercial breed)","Pi"
28,215001,6.82325e-05,"Pi (Commercial breed)","Pi"
28,220001,0.000110449,"Pi (Commercial breed)","Pi"
28,225001,0.000107197,"Pi (Commercial breed)","Pi"
28,230001,6.74195e-05,"Pi (Commercial breed)","Pi"
28,235001,2.19512e-05,"Pi (Commercial breed)","Pi"
28,240001,1.70732e-05,"Pi (Commercial breed)","Pi"
28,245001,2.92683e-05,"Pi (Commercial breed)","Pi"
28,250001,2.19512e-05,"Pi (Commercial breed)","Pi"
28,255001,1.91509e-05,"Pi (Commercial breed)","Pi"
28,260001,2.8907e-05,"Pi (Commercial breed)","Pi"
28,265001,3.17073e-05,"Pi (Commercial breed)","Pi"
28,270001,2.19512e-05,"Pi (Commercial breed)","Pi"
28,275001,9.7561e-06,"Pi (Commercial breed)","Pi"
28,280001,4.33604e-05,"Pi (Commercial breed)","Pi"
28,285001,4.82385e-05,"Pi (Commercial breed)","Pi"
28,290001,0.000226107,"Pi (Commercial breed)","Pi"
28,295001,0.000450166,"Pi (Commercial breed)","Pi"
28,300001,0.00027847,"Pi (Commercial breed)","Pi"
28,305001,5.44113e-05,"Pi (Commercial breed)","Pi"
28,310001,6.215e-05,"Pi (Commercial breed)","Pi"
28,315001,8.51882e-05,"Pi (Commercial breed)","Pi"
28,320001,7.12782e-05,"Pi (Commercial breed)","Pi"
28,325001,6.04353e-05,"Pi (Commercial breed)","Pi"
28,330001,4.61608e-05,"Pi (Commercial breed)","Pi"
28,335001,8.03071e-05,"Pi (Commercial breed)","Pi"
28,340001,0.00011891,"Pi (Commercial breed)","Pi"
28,345001,0.000185938,"Pi (Commercial breed)","Pi"
28,350001,0.000345227,"Pi (Commercial breed)","Pi"
28,355001,0.000325836,"Pi (Commercial breed)","Pi"
28,360001,0.000316983,"Pi (Commercial breed)","Pi"
28,365001,0.000436525,"Pi (Commercial breed)","Pi"
28,370001,0.000565161,"Pi (Commercial breed)","Pi"
28,375001,0.000623728,"Pi (Commercial breed)","Pi"
28,380001,0.000842517,"Pi (Commercial breed)","Pi"
28,385001,0.00125263,"Pi (Commercial breed)","Pi"
28,390001,0.00138648,"Pi (Commercial breed)","Pi"
28,395001,0.00178741,"Pi (Commercial breed)","Pi"
28,400001,0.00206052,"Pi (Commercial breed)","Pi"
28,15001,0.000511697,"Pi (Native breed)","Pi"
28,20001,0.000449616,"Pi (Native breed)","Pi"
28,25001,0.00069804,"Pi (Native breed)","Pi"
28,30001,0.00065697,"Pi (Native breed)","Pi"
28,35001,0.000429751,"Pi (Native breed)","Pi"
28,40001,0.000541613,"Pi (Native breed)","Pi"
28,45001,0.000680141,"Pi (Native breed)","Pi"
28,50001,0.000492202,"Pi (Native breed)","Pi"
28,55001,0.000275717,"Pi (Native breed)","Pi"
28,60001,0.00036796,"Pi (Native breed)","Pi"
28,65001,0.000966768,"Pi (Native breed)","Pi"
28,70001,0.00116749,"Pi (Native breed)","Pi"
28,75001,0.000849232,"Pi (Native breed)","Pi"
28,80001,0.000695495,"Pi (Native breed)","Pi"
28,85001,0.000529455,"Pi (Native breed)","Pi"
28,90001,0.000517232,"Pi (Native breed)","Pi"
28,95001,0.000872727,"Pi (Native breed)","Pi"
28,100001,0.00070701,"Pi (Native breed)","Pi"
28,105001,0.00016069,"Pi (Native breed)","Pi"
28,110001,5.65465e-05,"Pi (Native breed)","Pi"
28,115001,0.000172444,"Pi (Native breed)","Pi"
28,120001,0.000585374,"Pi (Native breed)","Pi"
28,125001,0.000870727,"Pi (Native breed)","Pi"
28,130001,0.00099002,"Pi (Native breed)","Pi"
28,135001,0.00118762,"Pi (Native breed)","Pi"
28,140001,0.00103622,"Pi (Native breed)","Pi"
28,145001,0.00068897,"Pi (Native breed)","Pi"
28,150001,0.0010595,"Pi (Native breed)","Pi"
28,155001,0.00105419,"Pi (Native breed)","Pi"
28,160001,0.000794,"Pi (Native breed)","Pi"
28,165001,0.00074303,"Pi (Native breed)","Pi"
28,170001,0.000849138,"Pi (Native breed)","Pi"
28,175001,0.00114712,"Pi (Native breed)","Pi"
28,180001,0.00122093,"Pi (Native breed)","Pi"
28,185001,0.00166004,"Pi (Native breed)","Pi"
28,190001,0.00177307,"Pi (Native breed)","Pi"
28,195001,0.00128592,"Pi (Native breed)","Pi"
28,200001,0.000851758,"Pi (Native breed)","Pi"
28,205001,0.000761838,"Pi (Native breed)","Pi"
28,210001,0.000846384,"Pi (Native breed)","Pi"
28,215001,0.00172659,"Pi (Native breed)","Pi"
28,220001,0.001713,"Pi (Native breed)","Pi"
28,225001,0.00101806,"Pi (Native breed)","Pi"
28,230001,0.00122541,"Pi (Native breed)","Pi"
28,235001,0.0011761,"Pi (Native breed)","Pi"
28,240001,0.000928371,"Pi (Native breed)","Pi"
28,245001,0.000969089,"Pi (Native breed)","Pi"
28,250001,0.000997627,"Pi (Native breed)","Pi"
28,255001,0.000854121,"Pi (Native breed)","Pi"
28,260001,0.000899741,"Pi (Native breed)","Pi"
28,265001,0.000871478,"Pi (Native breed)","Pi"
28,270001,0.000565618,"Pi (Native breed)","Pi"
28,275001,0.00035441,"Pi (Native breed)","Pi"
28,280001,0.000734695,"Pi (Native breed)","Pi"
28,285001,0.000998933,"Pi (Native breed)","Pi"
28,290001,0.000770023,"Pi (Native breed)","Pi"
28,295001,0.000884081,"Pi (Native breed)","Pi"
28,300001,0.0012002,"Pi (Native breed)","Pi"
28,305001,0.00129255,"Pi (Native breed)","Pi"
28,310001,0.00127029,"Pi (Native breed)","Pi"
28,315001,0.0012349,"Pi (Native breed)","Pi"
28,320001,0.00168035,"Pi (Native breed)","Pi"
28,325001,0.00174921,"Pi (Native breed)","Pi"
28,330001,0.00163772,"Pi (Native breed)","Pi"
28,335001,0.00251857,"Pi (Native breed)","Pi"
28,340001,0.0029971,"Pi (Native breed)","Pi"
28,345001,0.00319306,"Pi (Native breed)","Pi"
28,350001,0.00308622,"Pi (Native breed)","Pi"
28,355001,0.00196521,"Pi (Native breed)","Pi"
28,360001,0.0017241,"Pi (Native breed)","Pi"
28,365001,0.00249713,"Pi (Native breed)","Pi"
28,370001,0.00280255,"Pi (Native breed)","Pi"
28,375001,0.00256762,"Pi (Native breed)","Pi"
28,380001,0.00327878,"Pi (Native breed)","Pi"
28,385001,0.00384551,"Pi (Native breed)","Pi"
28,390001,0.00316749,"Pi (Native breed)","Pi"
28,395001,0.00317484,"Pi (Native breed)","Pi"
28,400001,0.00349154,"Pi (Native breed)","Pi"
28,20000,-1.04993,"Tajima's D (Commercial breed)","Tajima's D"
28,30000,-1.04993,"Tajima's D (Commercial breed)","Tajima's D"
28,40000,-0.597738,"Tajima's D (Commercial breed)","Tajima's D"
28,50000,-1.40442,"Tajima's D (Commercial breed)","Tajima's D"
28,60000,-1.80504,"Tajima's D (Commercial breed)","Tajima's D"
28,70000,-1.8088,"Tajima's D (Commercial breed)","Tajima's D"
28,80000,-1.42511,"Tajima's D (Commercial breed)","Tajima's D"
28,90000,-1.80189,"Tajima's D (Commercial breed)","Tajima's D"
28,100000,-2.26012,"Tajima's D (Commercial breed)","Tajima's D"
28,110000,-1.04993,"Tajima's D (Commercial breed)","Tajima's D"
28,120000,-2.31327,"Tajima's D (Commercial breed)","Tajima's D"
28,130000,-2.43681,"Tajima's D (Commercial breed)","Tajima's D"
28,140000,-2.49846,"Tajima's D (Commercial breed)","Tajima's D"
28,150000,-2.59095,"Tajima's D (Commercial breed)","Tajima's D"
28,160000,-2.31327,"Tajima's D (Commercial breed)","Tajima's D"
28,170000,-2.14603,"Tajima's D (Commercial breed)","Tajima's D"
28,180000,-2.44352,"Tajima's D (Commercial breed)","Tajima's D"
28,190000,-2.70919,"Tajima's D (Commercial breed)","Tajima's D"
28,200000,-2.31327,"Tajima's D (Commercial breed)","Tajima's D"
28,210000,-2.40053,"Tajima's D (Commercial breed)","Tajima's D"
28,220000,-2.54403,"Tajima's D (Commercial breed)","Tajima's D"
28,230000,-2.20748,"Tajima's D (Commercial breed)","Tajima's D"
28,240000,-2.12635,"Tajima's D (Commercial breed)","Tajima's D"
28,250000,-2.26012,"Tajima's D (Commercial breed)","Tajima's D"
28,260000,-2.16115,"Tajima's D (Commercial breed)","Tajima's D"
28,270000,-2.26012,"Tajima's D (Commercial breed)","Tajima's D"
28,280000,-0.945879,"Tajima's D (Commercial breed)","Tajima's D"
28,290000,0.0623067,"Tajima's D (Commercial breed)","Tajima's D"
28,300000,0.183858,"Tajima's D (Commercial breed)","Tajima's D"
28,310000,-1.68817,"Tajima's D (Commercial breed)","Tajima's D"
28,320000,-2.35414,"Tajima's D (Commercial breed)","Tajima's D"
28,330000,-2.509,"Tajima's D (Commercial breed)","Tajima's D"
28,340000,-2.8,"Tajima's D (Commercial breed)","Tajima's D"
28,350000,-1.74329,"Tajima's D (Commercial breed)","Tajima's D"
28,360000,-1.58892,"Tajima's D (Commercial breed)","Tajima's D"
28,370000,-1.49423,"Tajima's D (Commercial breed)","Tajima's D"
28,380000,-1.203,"Tajima's D (Commercial breed)","Tajima's D"
28,390000,0.0993942,"Tajima's D (Commercial breed)","Tajima's D"
28,400000,0.384681,"Tajima's D (Commercial breed)","Tajima's D"
28,20000,-1.72948,"Tajima's D (Native breed)","Tajima's D"
28,30000,-0.923239,"Tajima's D (Native breed)","Tajima's D"
28,40000,-1.56186,"Tajima's D (Native breed)","Tajima's D"
28,50000,-0.543237,"Tajima's D (Native breed)","Tajima's D"
28,60000,0.747389,"Tajima's D (Native breed)","Tajima's D"
28,70000,1.27508,"Tajima's D (Native breed)","Tajima's D"
28,80000,1.31256,"Tajima's D (Native breed)","Tajima's D"
28,90000,0.0897326,"Tajima's D (Native breed)","Tajima's D"
28,100000,1.22143,"Tajima's D (Native breed)","Tajima's D"
28,110000,0.241952,"Tajima's D (Native breed)","Tajima's D"
28,120000,1.10755,"Tajima's D (Native breed)","Tajima's D"
28,130000,1.69928,"Tajima's D (Native breed)","Tajima's D"
28,140000,1.64568,"Tajima's D (Native breed)","Tajima's D"
28,150000,0.314592,"Tajima's D (Native breed)","Tajima's D"
28,160000,0.439388,"Tajima's D (Native breed)","Tajima's D"
28,170000,-0.137678,"Tajima's D (Native breed)","Tajima's D"
28,180000,0.0108523,"Tajima's D (Native breed)","Tajima's D"
28,190000,0.781733,"Tajima's D (Native breed)","Tajima's D"
28,200000,0.499329,"Tajima's D (Native breed)","Tajima's D"
28,210000,-0.082663,"Tajima's D (Native breed)","Tajima's D"
28,220000,0.34033,"Tajima's D (Native breed)","Tajima's D"
28,230000,1.10694,"Tajima's D (Native breed)","Tajima's D"
28,240000,1.04019,"Tajima's D (Native breed)","Tajima's D"
28,250000,0.655943,"Tajima's D (Native breed)","Tajima's D"
28,260000,0.91537,"Tajima's D (Native breed)","Tajima's D"
28,270000,0.664781,"Tajima's D (Native breed)","Tajima's D"
28,280000,0.58251,"Tajima's D (Native breed)","Tajima's D"
28,290000,0.0748819,"Tajima's D (Native breed)","Tajima's D"
28,300000,0.350905,"Tajima's D (Native breed)","Tajima's D"
28,310000,1.26223,"Tajima's D (Native breed)","Tajima's D"
28,320000,0.754177,"Tajima's D (Native breed)","Tajima's D"
28,330000,1.04797,"Tajima's D (Native breed)","Tajima's D"
28,340000,0.973115,"Tajima's D (Native breed)","Tajima's D"
28,350000,0.729639,"Tajima's D (Native breed)","Tajima's D"
28,360000,0.470488,"Tajima's D (Native breed)","Tajima's D"
28,370000,1.21666,"Tajima's D (Native breed)","Tajima's D"
28,380000,0.73627,"Tajima's D (Native breed)","Tajima's D"
28,390000,0.462214,"Tajima's D (Native breed)","Tajima's D"
28,400000,0.460026,"Tajima's D (Native breed)","Tajima's D"
