﻿expression,breed,gene,tissue
10.77786861,MITF-M,TYR,DF-1
6.36429187,MITF-M,TYR,DF-1
7.944739963,MITF-M,TYR,DF-1
0.641712949,MITF-Novel,TYR,DF-1
0.550952558,MITF-Novel,TYR,DF-1
0.979420298,MITF-Novel,TYR,DF-1
0.946057647,Blank,TYR,DF-1
0.882702996,Blank,TYR,DF-1
1.189207115,Blank,TYR,DF-1
19.35990543,MITF-M,TYRP1,DF-1
17.20791025,MITF-M,TYRP1,DF-1
17.08904653,MITF-M,TYRP1,DF-1
1.342572503,MITF-Novel,TYRP1,DF-1
0.729510172,MITF-Novel,TYRP1,DF-1
1.675974269,MITF-Novel,TYRP1,DF-1
0.955945318,Blank,TYRP1,DF-1
1,Blank,TYRP1,DF-1
1.04608494,Blank,TYRP1,DF-1
0.986232704,MITF-M,MLANA,DF-1
1.049716684,MITF-M,MLANA,DF-1
1,MITF-M,MLANA,DF-1
0.668963777,MITF-Novel,MLANA,DF-1
0.840896415,MITF-Novel,MLANA,DF-1
0.757858283,MITF-Novel,MLANA,DF-1
0.952637998,Blank,MLANA,DF-1
1.274560627,Blank,MLANA,DF-1
0.712025098,Blank,MLANA,DF-1
4.337909635,MITF-M,OCA2,DF-1
3.882537879,MITF-M,OCA2,DF-1
3.855719231,MITF-M,OCA2,DF-1
2.308570835,MITF-Novel,OCA2,DF-1
2.245442844,MITF-Novel,OCA2,DF-1
2.308570835,MITF-Novel,OCA2,DF-1
0.672217497,Blank,OCA2,DF-1
1.666706414,Blank,OCA2,DF-1
0.893165852,Blank,OCA2,DF-1
